encodeID	biosample_term_name	biosample_type	biosample_term_id	filename	url	encode_url
ENCFF743WJN	SK-N-SH	cell_line	EFO:0003072	SK-N-SH.bed.gz	https://noble.gs.washington.edu/proj/encyclopedia/interpreted/SK-N-SH.bed.gz	https://www.encodeproject.org/files/ENCFF743WJN/@@download/ENCFF743WJN.bed.gz
ENCFF819BUC	HGPS_cell	cell_line	EFO:0005909	PROGFIB.bed.gz	https://noble.gs.washington.edu/proj/encyclopedia/interpreted/PROGFIB.bed.gz	https://www.encodeproject.org/files/ENCFF819BUC/@@download/ENCFF819BUC.bed.gz
ENCFF212LYI	IMR-90	cell_line	EFO:0001196	IMR90.bed.gz	https://noble.gs.washington.edu/proj/encyclopedia/interpreted/IMR90.bed.gz	https://www.encodeproject.org/files/ENCFF212LYI/@@download/ENCFF212LYI.bed.gz
ENCFF525LDS	MCF-7	cell_line	EFO:0001203	MCF-7.bed.gz	https://noble.gs.washington.edu/proj/encyclopedia/interpreted/MCF-7.bed.gz	https://www.encodeproject.org/files/ENCFF525LDS/@@download/ENCFF525LDS.bed.gz
ENCFF369BMZ	common_myeloid_progenitor,_CD34-positive	primary_cell	CL:0001059	MOBILIZED_CD34_PRIMARY_CELLS_MALE.bed.gz	https://noble.gs.washington.edu/proj/encyclopedia/interpreted/MOBILIZED_CD34_PRIMARY_CELLS_MALE.bed.gz	https://www.encodeproject.org/files/ENCFF369BMZ/@@download/ENCFF369BMZ.bed.gz
ENCFF722SBM	endothelial_cell_of_umbilical_vein	primary_cell	CL:0002618	HUVEC.bed.gz	https://noble.gs.washington.edu/proj/encyclopedia/interpreted/HUVEC.bed.gz	https://www.encodeproject.org/files/ENCFF722SBM/@@download/ENCFF722SBM.bed.gz
ENCFF749XCR	CD14-positive_monocyte	primary_cell	CL:0001054	MONOCYTES-CD14+_RO01746.bed.gz	https://noble.gs.washington.edu/proj/encyclopedia/interpreted/MONOCYTES-CD14+_RO01746.bed.gz	https://www.encodeproject.org/files/ENCFF749XCR/@@download/ENCFF749XCR.bed.gz
ENCFF848MPK	small_intestine	tissue	UBERON:0002108	SMALL_INTESTINE_OC.bed.gz	https://noble.gs.washington.edu/proj/encyclopedia/interpreted/SMALL_INTESTINE_OC.bed.gz	https://www.encodeproject.org/files/ENCFF848MPK/@@download/ENCFF848MPK.bed.gz
ENCFF849PRY	foreskin_fibroblast	primary_cell	CL:1001608	PENIS_FORESKIN_FIBROBLAST_PRIMARY_CELLS_SKIN01.bed.gz	https://noble.gs.washington.edu/proj/encyclopedia/interpreted/PENIS_FORESKIN_FIBROBLAST_PRIMARY_CELLS_SKIN01.bed.gz	https://www.encodeproject.org/files/ENCFF849PRY/@@download/ENCFF849PRY.bed.gz
ENCFF986QPJ	muscle_of_trunk	tissue	UBERON:0001774	FETAL_MUSCLE_TRUNK.bed.gz	https://noble.gs.washington.edu/proj/encyclopedia/interpreted/FETAL_MUSCLE_TRUNK.bed.gz	https://www.encodeproject.org/files/ENCFF986QPJ/@@download/ENCFF986QPJ.bed.gz
ENCFF393SXJ	HepG2	cell_line	EFO:0001187	HEPG2.bed.gz	https://noble.gs.washington.edu/proj/encyclopedia/interpreted/HEPG2.bed.gz	https://www.encodeproject.org/files/ENCFF393SXJ/@@download/ENCFF393SXJ.bed.gz
ENCFF847EBO	WI38	cell_line	EFO:0001260	WI-38.bed.gz	https://noble.gs.washington.edu/proj/encyclopedia/interpreted/WI-38.bed.gz	https://www.encodeproject.org/files/ENCFF847EBO/@@download/ENCFF847EBO.bed.gz
ENCFF231TZN	retinal_pigment_epithelial_cell	primary_cell	CL:0002586	HRPEPIC.bed.gz	https://noble.gs.washington.edu/proj/encyclopedia/interpreted/HRPEPIC.bed.gz	https://www.encodeproject.org/files/ENCFF231TZN/@@download/ENCFF231TZN.bed.gz
ENCFF370MSL	stomach	tissue	UBERON:0000945	FETAL_STOMACH.bed.gz	https://noble.gs.washington.edu/proj/encyclopedia/interpreted/FETAL_STOMACH.bed.gz	https://www.encodeproject.org/files/ENCFF370MSL/@@download/ENCFF370MSL.bed.gz
ENCFF028ZWL	H7	cell_line	EFO:0005904	H7-HESC.bed.gz	https://noble.gs.washington.edu/proj/encyclopedia/interpreted/H7-HESC.bed.gz	https://www.encodeproject.org/files/ENCFF028ZWL/@@download/ENCFF028ZWL.bed.gz
ENCFF860ORF	foreskin_keratinocyte	primary_cell	CL:1001606	PENIS_FORESKIN_KERATINOCYTE_PRIMARY_CELLS_SKIN02.bed.gz	https://noble.gs.washington.edu/proj/encyclopedia/interpreted/PENIS_FORESKIN_KERATINOCYTE_PRIMARY_CELLS_SKIN02.bed.gz	https://www.encodeproject.org/files/ENCFF860ORF/@@download/ENCFF860ORF.bed.gz
ENCFF654PKF	muscle_of_leg	tissue	UBERON:0001383	FETAL_MUSCLE_LEG.bed.gz	https://noble.gs.washington.edu/proj/encyclopedia/interpreted/FETAL_MUSCLE_LEG.bed.gz	https://www.encodeproject.org/files/ENCFF654PKF/@@download/ENCFF654PKF.bed.gz
ENCFF423ADX	foreskin_keratinocyte	primary_cell	CL:1001606	PENIS_FORESKIN_KERATINOCYTE_PRIMARY_CELLS_SKIN03.bed.gz	https://noble.gs.washington.edu/proj/encyclopedia/interpreted/PENIS_FORESKIN_KERATINOCYTE_PRIMARY_CELLS_SKIN03.bed.gz	https://www.encodeproject.org/files/ENCFF423ADX/@@download/ENCFF423ADX.bed.gz
ENCFF089AXD	K562	cell_line	EFO:0002067	K562.bed.gz	https://noble.gs.washington.edu/proj/encyclopedia/interpreted/K562.bed.gz	https://www.encodeproject.org/files/ENCFF089AXD/@@download/ENCFF089AXD.bed.gz
ENCFF730QUM	adrenal_gland	tissue	UBERON:0002369	FETAL_ADRENAL_GLAND.bed.gz	https://noble.gs.washington.edu/proj/encyclopedia/interpreted/FETAL_ADRENAL_GLAND.bed.gz	https://www.encodeproject.org/files/ENCFF730QUM/@@download/ENCFF730QUM.bed.gz
ENCFF593EEP	fibroblast_of_mammary_gland	primary_cell	CL:0002555	HMF.bed.gz	https://noble.gs.washington.edu/proj/encyclopedia/interpreted/HMF.bed.gz	https://www.encodeproject.org/files/ENCFF593EEP/@@download/ENCFF593EEP.bed.gz
ENCFF234MAZ	HL-60	cell_line	EFO:0002793	HL-60.bed.gz	https://noble.gs.washington.edu/proj/encyclopedia/interpreted/HL-60.bed.gz	https://www.encodeproject.org/files/ENCFF234MAZ/@@download/ENCFF234MAZ.bed.gz
ENCFF508MEC	HCT116	cell_line	EFO:0002824	HCT-116.bed.gz	https://noble.gs.washington.edu/proj/encyclopedia/interpreted/HCT-116.bed.gz	https://www.encodeproject.org/files/ENCFF508MEC/@@download/ENCFF508MEC.bed.gz
ENCFF146MFX	placenta	tissue	UBERON:0001987	FETAL_PLACENTA.bed.gz	https://noble.gs.washington.edu/proj/encyclopedia/interpreted/FETAL_PLACENTA.bed.gz	https://www.encodeproject.org/files/ENCFF146MFX/@@download/ENCFF146MFX.bed.gz
ENCFF662MJX	mesodermal_cell	in_vitro_differentiated_cells	CL:0000222	HESC_DERIVED_CD56+_MESODERM_CULTURED_CELLS.bed.gz	https://noble.gs.washington.edu/proj/encyclopedia/interpreted/HESC_DERIVED_CD56+_MESODERM_CULTURED_CELLS.bed.gz	https://www.encodeproject.org/files/ENCFF662MJX/@@download/ENCFF662MJX.bed.gz
ENCFF304BGK	foreskin_fibroblast	primary_cell	CL:1001608	HFF.bed.gz	https://noble.gs.washington.edu/proj/encyclopedia/interpreted/HFF.bed.gz	https://www.encodeproject.org/files/ENCFF304BGK/@@download/ENCFF304BGK.bed.gz
ENCFF824YJV	small_intestine	tissue	UBERON:0002108	FETAL_INTESTINE_SMALL.bed.gz	https://noble.gs.washington.edu/proj/encyclopedia/interpreted/FETAL_INTESTINE_SMALL.bed.gz	https://www.encodeproject.org/files/ENCFF824YJV/@@download/ENCFF824YJV.bed.gz
ENCFF540WJA	SK-N-SH	cell_line	EFO:0003072	SK-N-SH_RA.bed.gz	https://noble.gs.washington.edu/proj/encyclopedia/interpreted/SK-N-SH_RA.bed.gz	https://www.encodeproject.org/files/ENCFF540WJA/@@download/ENCFF540WJA.bed.gz
ENCFF661JZC	psoas_muscle	tissue	UBERON:0008450	PSOAS_MUSCLE_OC.bed.gz	https://noble.gs.washington.edu/proj/encyclopedia/interpreted/PSOAS_MUSCLE_OC.bed.gz	https://www.encodeproject.org/files/ENCFF661JZC/@@download/ENCFF661JZC.bed.gz
ENCFF057CIV	foreskin_melanocyte	primary_cell	CL:2000045	PENIS_FORESKIN_MELANOCYTE_PRIMARY_CELLS_SKIN03.bed.gz	https://noble.gs.washington.edu/proj/encyclopedia/interpreted/PENIS_FORESKIN_MELANOCYTE_PRIMARY_CELLS_SKIN03.bed.gz	https://www.encodeproject.org/files/ENCFF057CIV/@@download/ENCFF057CIV.bed.gz
ENCFF480WAP	endodermal_cell	in_vitro_differentiated_cells	CL:0000223	HESC_DERIVED_CD184+_ENDODERM_CULTURED_CELLS.bed.gz	https://noble.gs.washington.edu/proj/encyclopedia/interpreted/HESC_DERIVED_CD184+_ENDODERM_CULTURED_CELLS.bed.gz	https://www.encodeproject.org/files/ENCFF480WAP/@@download/ENCFF480WAP.bed.gz
ENCFF441BDE	brain_microvascular_endothelial_cell	primary_cell	CL:2000044	HBMEC.bed.gz	https://noble.gs.washington.edu/proj/encyclopedia/interpreted/HBMEC.bed.gz	https://www.encodeproject.org/files/ENCFF441BDE/@@download/ENCFF441BDE.bed.gz
ENCFF580JOV	HUES48	cell_line	EFO:0007083	HUES48_CELL_LINE.bed.gz	https://noble.gs.washington.edu/proj/encyclopedia/interpreted/HUES48_CELL_LINE.bed.gz	https://www.encodeproject.org/files/ENCFF580JOV/@@download/ENCFF580JOV.bed.gz
ENCFF497DHN	iPS-15b	cell_line	EFO:0007102	IPS-15B_CELL_LINE.bed.gz	https://noble.gs.washington.edu/proj/encyclopedia/interpreted/IPS-15B_CELL_LINE.bed.gz	https://www.encodeproject.org/files/ENCFF497DHN/@@download/ENCFF497DHN.bed.gz
ENCFF089HWW	foreskin_fibroblast	primary_cell	CL:1001608	PENIS_FORESKIN_FIBROBLAST_PRIMARY_CELLS_SKIN02.bed.gz	https://noble.gs.washington.edu/proj/encyclopedia/interpreted/PENIS_FORESKIN_FIBROBLAST_PRIMARY_CELLS_SKIN02.bed.gz	https://www.encodeproject.org/files/ENCFF089HWW/@@download/ENCFF089HWW.bed.gz
ENCFF118YAO	myotube	in_vitro_differentiated_cells	CL:0002372	HSMMTUBE.bed.gz	https://noble.gs.washington.edu/proj/encyclopedia/interpreted/HSMMTUBE.bed.gz	https://www.encodeproject.org/files/ENCFF118YAO/@@download/ENCFF118YAO.bed.gz
ENCFF607AWU	fibroblast_of_lung	primary_cell	CL:0002553	NHLF.bed.gz	https://noble.gs.washington.edu/proj/encyclopedia/interpreted/NHLF.bed.gz	https://www.encodeproject.org/files/ENCFF607AWU/@@download/ENCFF607AWU.bed.gz
ENCFF483DPU	mammary_epithelial_cell	primary_cell	CL:0002327	HMEC.bed.gz	https://noble.gs.washington.edu/proj/encyclopedia/interpreted/HMEC.bed.gz	https://www.encodeproject.org/files/ENCFF483DPU/@@download/ENCFF483DPU.bed.gz
ENCFF491WQH	HUES64	cell_line	EFO:0007089	HUES64_CELL_LINE.bed.gz	https://noble.gs.washington.edu/proj/encyclopedia/interpreted/HUES64_CELL_LINE.bed.gz	https://www.encodeproject.org/files/ENCFF491WQH/@@download/ENCFF491WQH.bed.gz
ENCFF614SYL	keratinocyte	primary_cell	CL:0000312	NHEK.bed.gz	https://noble.gs.washington.edu/proj/encyclopedia/interpreted/NHEK.bed.gz	https://www.encodeproject.org/files/ENCFF614SYL/@@download/ENCFF614SYL.bed.gz
ENCFF441FKC	mesenchymal_stem_cell	in_vitro_differentiated_cells	CL:0000134	BONE_MARROW_DERIVED_MESENCHYMAL_STEM_CELL_CULTURED_CELLS.bed.gz	https://noble.gs.washington.edu/proj/encyclopedia/interpreted/BONE_MARROW_DERIVED_MESENCHYMAL_STEM_CELL_CULTURED_CELLS.bed.gz	https://www.encodeproject.org/files/ENCFF441FKC/@@download/ENCFF441FKC.bed.gz
ENCFF272VGJ	LHCN-M2	cell_line	EFO:0005714	LHCN-M2.bed.gz	https://noble.gs.washington.edu/proj/encyclopedia/interpreted/LHCN-M2.bed.gz	https://www.encodeproject.org/files/ENCFF272VGJ/@@download/ENCFF272VGJ.bed.gz
ENCFF870IVU	HUES6	cell_line	EFO:0007086	HUES6_CELL_LINE.bed.gz	https://noble.gs.washington.edu/proj/encyclopedia/interpreted/HUES6_CELL_LINE.bed.gz	https://www.encodeproject.org/files/ENCFF870IVU/@@download/ENCFF870IVU.bed.gz
ENCFF303LPQ	islet_of_Langerhans	tissue	UBERON:0000006	PANISLETS.bed.gz	https://noble.gs.washington.edu/proj/encyclopedia/interpreted/PANISLETS.bed.gz	https://www.encodeproject.org/files/ENCFF303LPQ/@@download/ENCFF303LPQ.bed.gz
ENCFF244HQX	WERI-Rb-1	cell_line	EFO:0005715	WERI-RB-1.bed.gz	https://noble.gs.washington.edu/proj/encyclopedia/interpreted/WERI-RB-1.bed.gz	https://www.encodeproject.org/files/ENCFF244HQX/@@download/ENCFF244HQX.bed.gz
ENCFF524XTL	chondrocyte	in_vitro_differentiated_cells	CL:0000138	CHONDROCYTES_FROM_BONE_MARROW_DERIVED_MESENCHYMAL_STEM_CELL_CULTURED_CELLS.bed.gz	https://noble.gs.washington.edu/proj/encyclopedia/interpreted/CHONDROCYTES_FROM_BONE_MARROW_DERIVED_MESENCHYMAL_STEM_CELL_CULTURED_CELLS.bed.gz	https://www.encodeproject.org/files/ENCFF524XTL/@@download/ENCFF524XTL.bed.gz
ENCFF420AIM	neuron	in_vitro_differentiated_cells	CL:0000540	H9_DERIVED_NEURON_CULTURED_CELLS.bed.gz	https://noble.gs.washington.edu/proj/encyclopedia/interpreted/H9_DERIVED_NEURON_CULTURED_CELLS.bed.gz	https://www.encodeproject.org/files/ENCFF420AIM/@@download/ENCFF420AIM.bed.gz
ENCFF645UGL	H7	cell_line	EFO:0005904	ES-WA7_CELL_LINE.bed.gz	https://noble.gs.washington.edu/proj/encyclopedia/interpreted/ES-WA7_CELL_LINE.bed.gz	https://www.encodeproject.org/files/ENCFF645UGL/@@download/ENCFF645UGL.bed.gz
ENCFF902JIW	H54	cell_line	EFO:0002782	GLIOBLA.bed.gz	https://noble.gs.washington.edu/proj/encyclopedia/interpreted/GLIOBLA.bed.gz	https://www.encodeproject.org/files/ENCFF902JIW/@@download/ENCFF902JIW.bed.gz
ENCFF161QPS	iPS-20b	cell_line	EFO:0007108	IPS-20B_CELL_LINE.bed.gz	https://noble.gs.washington.edu/proj/encyclopedia/interpreted/IPS-20B_CELL_LINE.bed.gz	https://www.encodeproject.org/files/ENCFF161QPS/@@download/ENCFF161QPS.bed.gz
ENCFF625YIV	GM12864	cell_line	EFO:0005337	GM12864.bed.gz	https://noble.gs.washington.edu/proj/encyclopedia/interpreted/GM12864.bed.gz	https://www.encodeproject.org/files/ENCFF625YIV/@@download/ENCFF625YIV.bed.gz
ENCFF276EIW	osteoblast	primary_cell	CL:0000062	OSTEOBL.bed.gz	https://noble.gs.washington.edu/proj/encyclopedia/interpreted/OSTEOBL.bed.gz	https://www.encodeproject.org/files/ENCFF276EIW/@@download/ENCFF276EIW.bed.gz
ENCFF386TOZ	heart_left_ventricle	tissue	UBERON:0002084	LEFT_VENTRICLE.bed.gz	https://noble.gs.washington.edu/proj/encyclopedia/interpreted/LEFT_VENTRICLE.bed.gz	https://www.encodeproject.org/files/ENCFF386TOZ/@@download/ENCFF386TOZ.bed.gz
ENCFF837JQS	neuronal_stem_cell	in_vitro_differentiated_cells	CL:0000047	H9_DERIVED_NEURONAL_PROGENITOR_CULTURED_CELLS.bed.gz	https://noble.gs.washington.edu/proj/encyclopedia/interpreted/H9_DERIVED_NEURONAL_PROGENITOR_CULTURED_CELLS.bed.gz	https://www.encodeproject.org/files/ENCFF837JQS/@@download/ENCFF837JQS.bed.gz
ENCFF095SYK	ectodermal_cell	in_vitro_differentiated_cells	CL:0000221	HESC_DERIVED_CD56+_ECTODERM_CULTURED_CELLS.bed.gz	https://noble.gs.washington.edu/proj/encyclopedia/interpreted/HESC_DERIVED_CD56+_ECTODERM_CULTURED_CELLS.bed.gz	https://www.encodeproject.org/files/ENCFF095SYK/@@download/ENCFF095SYK.bed.gz
ENCFF530JRB	heart	tissue	UBERON:0000948	FETAL_HEART.bed.gz	https://noble.gs.washington.edu/proj/encyclopedia/interpreted/FETAL_HEART.bed.gz	https://www.encodeproject.org/files/ENCFF530JRB/@@download/ENCFF530JRB.bed.gz
ENCFF568YLW	epithelial_cell_of_proximal_tubule	primary_cell	CL:0002306	RPTEC.bed.gz	https://noble.gs.washington.edu/proj/encyclopedia/interpreted/RPTEC.bed.gz	https://www.encodeproject.org/files/ENCFF568YLW/@@download/ENCFF568YLW.bed.gz
ENCFF264CGM	common_myeloid_progenitor,_CD34-positive	primary_cell	CL:0001059	MOBILIZED_CD34_PRIMARY_CELLS_FEMALE.bed.gz	https://noble.gs.washington.edu/proj/encyclopedia/interpreted/MOBILIZED_CD34_PRIMARY_CELLS_FEMALE.bed.gz	https://www.encodeproject.org/files/ENCFF264CGM/@@download/ENCFF264CGM.bed.gz
ENCFF262NAK	stomach_smooth_muscle	tissue	UBERON:0004222	STOMACH_SMOOTH_MUSCLE.bed.gz	https://noble.gs.washington.edu/proj/encyclopedia/interpreted/STOMACH_SMOOTH_MUSCLE.bed.gz	https://www.encodeproject.org/files/ENCFF262NAK/@@download/ENCFF262NAK.bed.gz
ENCFF603ZFR	adipocyte	in_vitro_differentiated_cells	CL:0000136	MESENCHYMAL_STEM_CELL_DERIVED_ADIPOCYTE_CULTURED_CELLS.bed.gz	https://noble.gs.washington.edu/proj/encyclopedia/interpreted/MESENCHYMAL_STEM_CELL_DERIVED_ADIPOCYTE_CULTURED_CELLS.bed.gz	https://www.encodeproject.org/files/ENCFF603ZFR/@@download/ENCFF603ZFR.bed.gz
ENCFF724TKQ	thymus	tissue	UBERON:0002370	THYMUS.bed.gz	https://noble.gs.washington.edu/proj/encyclopedia/interpreted/THYMUS.bed.gz	https://www.encodeproject.org/files/ENCFF724TKQ/@@download/ENCFF724TKQ.bed.gz
ENCFF773FCZ	large_intestine	tissue	UBERON:0000059	FETAL_INTESTINE_LARGE.bed.gz	https://noble.gs.washington.edu/proj/encyclopedia/interpreted/FETAL_INTESTINE_LARGE.bed.gz	https://www.encodeproject.org/files/ENCFF773FCZ/@@download/ENCFF773FCZ.bed.gz
ENCFF377YLU	GM12892	cell_line	EFO:0002786	GM12892.bed.gz	https://noble.gs.washington.edu/proj/encyclopedia/interpreted/GM12892.bed.gz	https://www.encodeproject.org/files/ENCFF377YLU/@@download/ENCFF377YLU.bed.gz
ENCFF810FXS	skeletal_muscle_tissue	tissue	UBERON:0001134	SKELETAL_MUSCLE_MALE.bed.gz	https://noble.gs.washington.edu/proj/encyclopedia/interpreted/SKELETAL_MUSCLE_MALE.bed.gz	https://www.encodeproject.org/files/ENCFF810FXS/@@download/ENCFF810FXS.bed.gz
ENCFF487JVN	skeletal_muscle_tissue	tissue	UBERON:0001134	SKELETAL_MUSCLE_FEMALE.bed.gz	https://noble.gs.washington.edu/proj/encyclopedia/interpreted/SKELETAL_MUSCLE_FEMALE.bed.gz	https://www.encodeproject.org/files/ENCFF487JVN/@@download/ENCFF487JVN.bed.gz
ENCFF589ISM	brain	tissue	UBERON:0000955	FETAL_BRAIN_FEMALE.bed.gz	https://noble.gs.washington.edu/proj/encyclopedia/interpreted/FETAL_BRAIN_FEMALE.bed.gz	https://www.encodeproject.org/files/ENCFF589ISM/@@download/ENCFF589ISM.bed.gz
ENCFF506WHF	mucosa_of_rectum	tissue	UBERON:0003346	RECTAL_MUCOSA.DONOR_29.bed.gz	https://noble.gs.washington.edu/proj/encyclopedia/interpreted/RECTAL_MUCOSA.DONOR_29.bed.gz	https://www.encodeproject.org/files/ENCFF506WHF/@@download/ENCFF506WHF.bed.gz
ENCFF481YAX	astrocyte	primary_cell	CL:0000127	NH-A.bed.gz	https://noble.gs.washington.edu/proj/encyclopedia/interpreted/NH-A.bed.gz	https://www.encodeproject.org/files/ENCFF481YAX/@@download/ENCFF481YAX.bed.gz
ENCFF824WDJ	heart_right_ventricle	tissue	UBERON:0002080	RIGHT_VENTRICLE.bed.gz	https://noble.gs.washington.edu/proj/encyclopedia/interpreted/RIGHT_VENTRICLE.bed.gz	https://www.encodeproject.org/files/ENCFF824WDJ/@@download/ENCFF824WDJ.bed.gz
ENCFF851GWT	thymus	tissue	UBERON:0002370	FETAL_THYMUS.bed.gz	https://noble.gs.washington.edu/proj/encyclopedia/interpreted/FETAL_THYMUS.bed.gz	https://www.encodeproject.org/files/ENCFF851GWT/@@download/ENCFF851GWT.bed.gz
ENCFF130BAY	lung	tissue	UBERON:0002048	FETAL_LUNG.bed.gz	https://noble.gs.washington.edu/proj/encyclopedia/interpreted/FETAL_LUNG.bed.gz	https://www.encodeproject.org/files/ENCFF130BAY/@@download/ENCFF130BAY.bed.gz
ENCFF017DMK	ovary	tissue	UBERON:0000992	OVARY.bed.gz	https://noble.gs.washington.edu/proj/encyclopedia/interpreted/OVARY.bed.gz	https://www.encodeproject.org/files/ENCFF017DMK/@@download/ENCFF017DMK.bed.gz
ENCFF786ZNY	right_cardiac_atrium	tissue	UBERON:0002078	RIGHT_ATRIUM.bed.gz	https://noble.gs.washington.edu/proj/encyclopedia/interpreted/RIGHT_ATRIUM.bed.gz	https://www.encodeproject.org/files/ENCFF786ZNY/@@download/ENCFF786ZNY.bed.gz
ENCFF116VEC	skeletal_muscle_myoblast	primary_cell	CL:0000515	HSMM.bed.gz	https://noble.gs.washington.edu/proj/encyclopedia/interpreted/HSMM.bed.gz	https://www.encodeproject.org/files/ENCFF116VEC/@@download/ENCFF116VEC.bed.gz
ENCFF245FFX	stomach	tissue	UBERON:0000945	GASTRIC.bed.gz	https://noble.gs.washington.edu/proj/encyclopedia/interpreted/GASTRIC.bed.gz	https://www.encodeproject.org/files/ENCFF245FFX/@@download/ENCFF245FFX.bed.gz
ENCFF841VOL	cardiac_fibroblast	primary_cell	CL:0002548	HCFAA.bed.gz	https://noble.gs.washington.edu/proj/encyclopedia/interpreted/HCFAA.bed.gz	https://www.encodeproject.org/files/ENCFF841VOL/@@download/ENCFF841VOL.bed.gz
ENCFF105WPE	IPS-18	cell_line	NA	IPS-18_CELL_LINE.bed.gz	https://noble.gs.washington.edu/proj/encyclopedia/interpreted/IPS-18_CELL_LINE.bed.gz	https://www.encodeproject.org/files/ENCFF105WPE/@@download/ENCFF105WPE.bed.gz
ENCFF080OSA	SK-N-MC	cell_line	EFO:0002860	SK-N-MC.bed.gz	https://noble.gs.washington.edu/proj/encyclopedia/interpreted/SK-N-MC.bed.gz	https://www.encodeproject.org/files/ENCFF080OSA/@@download/ENCFF080OSA.bed.gz
ENCFF989PNJ	brain	tissue	UBERON:0000955	FETAL_BRAIN_MALE.bed.gz	https://noble.gs.washington.edu/proj/encyclopedia/interpreted/FETAL_BRAIN_MALE.bed.gz	https://www.encodeproject.org/files/ENCFF989PNJ/@@download/ENCFF989PNJ.bed.gz
ENCFF707CBA	ES-I3	cell_line	EFO:0007076	ES-I3_CELL_LINE.bed.gz	https://noble.gs.washington.edu/proj/encyclopedia/interpreted/ES-I3_CELL_LINE.bed.gz	https://www.encodeproject.org/files/ENCFF707CBA/@@download/ENCFF707CBA.bed.gz
ENCFF921BGW	GM12865	cell_line	EFO:0005338	GM12865.bed.gz	https://noble.gs.washington.edu/proj/encyclopedia/interpreted/GM12865.bed.gz	https://www.encodeproject.org/files/ENCFF921BGW/@@download/ENCFF921BGW.bed.gz
ENCFF241SVT	iPS_DF_19.11	cell_line	EFO:0007096	IPS_DF_19.11_CELL_LINE.bed.gz	https://noble.gs.washington.edu/proj/encyclopedia/interpreted/IPS_DF_19.11_CELL_LINE.bed.gz	https://www.encodeproject.org/files/ENCFF241SVT/@@download/ENCFF241SVT.bed.gz
ENCFF707KUS	iPS_DF_6.9	cell_line	EFO:0007098	IPS_DF_6.9_CELL_LINE.bed.gz	https://noble.gs.washington.edu/proj/encyclopedia/interpreted/IPS_DF_6.9_CELL_LINE.bed.gz	https://www.encodeproject.org/files/ENCFF707KUS/@@download/ENCFF707KUS.bed.gz
ENCFF895EWL	mucosa_of_rectum	tissue	UBERON:0003346	RECTAL_MUCOSA.DONOR_31.bed.gz	https://noble.gs.washington.edu/proj/encyclopedia/interpreted/RECTAL_MUCOSA.DONOR_31.bed.gz	https://www.encodeproject.org/files/ENCFF895EWL/@@download/ENCFF895EWL.bed.gz
ENCFF299QFL	sigmoid_colon	tissue	UBERON:0001159	SIGMOID_COLON.bed.gz	https://noble.gs.washington.edu/proj/encyclopedia/interpreted/SIGMOID_COLON.bed.gz	https://www.encodeproject.org/files/ENCFF299QFL/@@download/ENCFF299QFL.bed.gz
ENCFF913PHL	foreskin_melanocyte	primary_cell	CL:2000045	PENIS_FORESKIN_MELANOCYTE_PRIMARY_CELLS_SKIN01.bed.gz	https://noble.gs.washington.edu/proj/encyclopedia/interpreted/PENIS_FORESKIN_MELANOCYTE_PRIMARY_CELLS_SKIN01.bed.gz	https://www.encodeproject.org/files/ENCFF913PHL/@@download/ENCFF913PHL.bed.gz
ENCFF659DOR	peripheral_blood_mononuclear_cell	primary_cell	CL:2000001	PERIPHERAL_BLOOD_MONONUCLEAR_PRIMARY_CELLS.bed.gz	https://noble.gs.washington.edu/proj/encyclopedia/interpreted/PERIPHERAL_BLOOD_MONONUCLEAR_PRIMARY_CELLS.bed.gz	https://www.encodeproject.org/files/ENCFF659DOR/@@download/ENCFF659DOR.bed.gz
ENCFF451QJT	epithelial_cell_of_esophagus	primary_cell	CL:0002252	HEEPIC.bed.gz	https://noble.gs.washington.edu/proj/encyclopedia/interpreted/HEEPIC.bed.gz	https://www.encodeproject.org/files/ENCFF451QJT/@@download/ENCFF451QJT.bed.gz
ENCFF758UIX	Panc1	cell_line	EFO:0002713	PANC-1.bed.gz	https://noble.gs.washington.edu/proj/encyclopedia/interpreted/PANC-1.bed.gz	https://www.encodeproject.org/files/ENCFF758UIX/@@download/ENCFF758UIX.bed.gz
ENCFF145VNY	bronchial_epithelial_cell	primary_cell	CL:0002328	SAEC.bed.gz	https://noble.gs.washington.edu/proj/encyclopedia/interpreted/SAEC.bed.gz	https://www.encodeproject.org/files/ENCFF145VNY/@@download/ENCFF145VNY.bed.gz
ENCFF657VMA	NB4	cell_line	EFO:0002798	NB4.bed.gz	https://noble.gs.washington.edu/proj/encyclopedia/interpreted/NB4.bed.gz	https://www.encodeproject.org/files/ENCFF657VMA/@@download/ENCFF657VMA.bed.gz
ENCFF101AMQ	fibroblast_of_lung	primary_cell	CL:0002553	HPF.bed.gz	https://noble.gs.washington.edu/proj/encyclopedia/interpreted/HPF.bed.gz	https://www.encodeproject.org/files/ENCFF101AMQ/@@download/ENCFF101AMQ.bed.gz
ENCFF184JUO	choroid_plexus_epithelial_cell	primary_cell	CL:0000706	HCPEPIC.bed.gz	https://noble.gs.washington.edu/proj/encyclopedia/interpreted/HCPEPIC.bed.gz	https://www.encodeproject.org/files/ENCFF184JUO/@@download/ENCFF184JUO.bed.gz
ENCFF766PVJ	GM12891	cell_line	EFO:0002785	GM12891.bed.gz	https://noble.gs.washington.edu/proj/encyclopedia/interpreted/GM12891.bed.gz	https://www.encodeproject.org/files/ENCFF766PVJ/@@download/ENCFF766PVJ.bed.gz
ENCFF925SYQ	foreskin_fibroblast	primary_cell	CL:1001608	NHDF-NEO.bed.gz	https://noble.gs.washington.edu/proj/encyclopedia/interpreted/NHDF-NEO.bed.gz	https://www.encodeproject.org/files/ENCFF925SYQ/@@download/ENCFF925SYQ.bed.gz
ENCFF221EGN	cardiac_muscle_cell	primary_cell	CL:0000746	HCM.bed.gz	https://noble.gs.washington.edu/proj/encyclopedia/interpreted/HCM.bed.gz	https://www.encodeproject.org/files/ENCFF221EGN/@@download/ENCFF221EGN.bed.gz
ENCFF632EJC	fibroblast_of_pulmonary_artery	primary_cell	CL:0002557	HPAF.bed.gz	https://noble.gs.washington.edu/proj/encyclopedia/interpreted/HPAF.bed.gz	https://www.encodeproject.org/files/ENCFF632EJC/@@download/ENCFF632EJC.bed.gz
ENCFF098NHN	kidney_epithelial_cell	primary_cell	CL:0002518	HRE.bed.gz	https://noble.gs.washington.edu/proj/encyclopedia/interpreted/HRE.bed.gz	https://www.encodeproject.org/files/ENCFF098NHN/@@download/ENCFF098NHN.bed.gz
ENCFF388HYD	HEK293	cell_line	EFO:0001182	HEK293.bed.gz	https://noble.gs.washington.edu/proj/encyclopedia/interpreted/HEK293.bed.gz	https://www.encodeproject.org/files/ENCFF388HYD/@@download/ENCFF388HYD.bed.gz
ENCFF277KFS	rectal_smooth_muscle_tissue	tissue	UBERON:0018112	RECTAL_SMOOTH_MUSCLE.bed.gz	https://noble.gs.washington.edu/proj/encyclopedia/interpreted/RECTAL_SMOOTH_MUSCLE.bed.gz	https://www.encodeproject.org/files/ENCFF277KFS/@@download/ENCFF277KFS.bed.gz
ENCFF072LXV	astrocyte_of_the_spinal_cord	primary_cell	CL:0002606	HA-SP.bed.gz	https://noble.gs.washington.edu/proj/encyclopedia/interpreted/HA-SP.bed.gz	https://www.encodeproject.org/files/ENCFF072LXV/@@download/ENCFF072LXV.bed.gz
ENCFF951RTE	fibroblast_of_dermis	primary_cell	CL:0002551	NHDF-AD.bed.gz	https://noble.gs.washington.edu/proj/encyclopedia/interpreted/NHDF-AD.bed.gz	https://www.encodeproject.org/files/ENCFF951RTE/@@download/ENCFF951RTE.bed.gz
ENCFF338HEJ	astrocyte_of_the_cerebellum	primary_cell	CL:0002603	HAC.bed.gz	https://noble.gs.washington.edu/proj/encyclopedia/interpreted/HAC.bed.gz	https://www.encodeproject.org/files/ENCFF338HEJ/@@download/ENCFF338HEJ.bed.gz
ENCFF311EYV	mucosa_of_stomach	tissue	UBERON:0001199	STOMACH_MUCOSA.bed.gz	https://noble.gs.washington.edu/proj/encyclopedia/interpreted/STOMACH_MUCOSA.bed.gz	https://www.encodeproject.org/files/ENCFF311EYV/@@download/ENCFF311EYV.bed.gz
ENCFF904VUV	HFF-Myc	cell_line	EFO:0005710	HFF-MYC.bed.gz	https://noble.gs.washington.edu/proj/encyclopedia/interpreted/HFF-MYC.bed.gz	https://www.encodeproject.org/files/ENCFF904VUV/@@download/ENCFF904VUV.bed.gz
ENCFF393SOX	NT2/D1	cell_line	EFO:0005236	NT2-D1.bed.gz	https://noble.gs.washington.edu/proj/encyclopedia/interpreted/NT2-D1.bed.gz	https://www.encodeproject.org/files/ENCFF393SOX/@@download/ENCFF393SOX.bed.gz
ENCFF216FKQ	kidney	tissue	UBERON:0002113	FETAL_KIDNEY.bed.gz	https://noble.gs.washington.edu/proj/encyclopedia/interpreted/FETAL_KIDNEY.bed.gz	https://www.encodeproject.org/files/ENCFF216FKQ/@@download/ENCFF216FKQ.bed.gz
ENCFF123VZB	T47D	cell_line	EFO:0001247	T-47D.bed.gz	https://noble.gs.washington.edu/proj/encyclopedia/interpreted/T-47D.bed.gz	https://www.encodeproject.org/files/ENCFF123VZB/@@download/ENCFF123VZB.bed.gz
ENCFF557FMU	amnion	tissue	UBERON:0000305	PLACENTA_AMNION.bed.gz	https://noble.gs.washington.edu/proj/encyclopedia/interpreted/PLACENTA_AMNION.bed.gz	https://www.encodeproject.org/files/ENCFF557FMU/@@download/ENCFF557FMU.bed.gz
ENCFF132DRZ	mesenchymal_stem_cell	in_vitro_differentiated_cells	CL:0000134	H1_DERIVED_MESENCHYMAL_STEM_CELLS.bed.gz	https://noble.gs.washington.edu/proj/encyclopedia/interpreted/H1_DERIVED_MESENCHYMAL_STEM_CELLS.bed.gz	https://www.encodeproject.org/files/ENCFF132DRZ/@@download/ENCFF132DRZ.bed.gz
ENCFF685FRZ	trophoblast_cell	in_vitro_differentiated_cells	CL:0000351	H1_BMP4_DERIVED_TROPHOBLAST_CULTURED_CELLS.bed.gz	https://noble.gs.washington.edu/proj/encyclopedia/interpreted/H1_BMP4_DERIVED_TROPHOBLAST_CULTURED_CELLS.bed.gz	https://www.encodeproject.org/files/ENCFF685FRZ/@@download/ENCFF685FRZ.bed.gz
ENCFF241EAU	mesendoderm	in_vitro_differentiated_cells	NTR:0000856	H1_BMP4_DERIVED_MESENDODERM_CULTURED_CELLS.bed.gz	https://noble.gs.washington.edu/proj/encyclopedia/interpreted/H1_BMP4_DERIVED_MESENDODERM_CULTURED_CELLS.bed.gz	https://www.encodeproject.org/files/ENCFF241EAU/@@download/ENCFF241EAU.bed.gz
ENCFF422UYG	neuronal_stem_cell	in_vitro_differentiated_cells	CL:0000047	H1_DERIVED_NEURONAL_PROGENITOR_CULTURED_CELLS.bed.gz	https://noble.gs.washington.edu/proj/encyclopedia/interpreted/H1_DERIVED_NEURONAL_PROGENITOR_CULTURED_CELLS.bed.gz	https://www.encodeproject.org/files/ENCFF422UYG/@@download/ENCFF422UYG.bed.gz
ENCFF872XRN	H9	cell_line	EFO:0003045	H9ES.bed.gz	https://noble.gs.washington.edu/proj/encyclopedia/interpreted/H9ES.bed.gz	https://www.encodeproject.org/files/ENCFF872XRN/@@download/ENCFF872XRN.bed.gz
ENCFF523YOT	GM06990	cell_line	EFO:0002783	GM06990.bed.gz	https://noble.gs.washington.edu/proj/encyclopedia/interpreted/GM06990.bed.gz	https://www.encodeproject.org/files/ENCFF523YOT/@@download/ENCFF523YOT.bed.gz
ENCFF828JJT	H1	cell_line	EFO:0003042	H1-HESC.bed.gz	https://noble.gs.washington.edu/proj/encyclopedia/interpreted/H1-HESC.bed.gz	https://www.encodeproject.org/files/ENCFF828JJT/@@download/ENCFF828JJT.bed.gz
ENCFF576MTO	BJ	cell_line	EFO:0002779	BJ.bed.gz	https://noble.gs.washington.edu/proj/encyclopedia/interpreted/BJ.bed.gz	https://www.encodeproject.org/files/ENCFF576MTO/@@download/ENCFF576MTO.bed.gz
ENCFF725HYN	colonic_mucosa	tissue	UBERON:0000317	COLONIC_MUCOSA.bed.gz	https://noble.gs.washington.edu/proj/encyclopedia/interpreted/COLONIC_MUCOSA.bed.gz	https://www.encodeproject.org/files/ENCFF725HYN/@@download/ENCFF725HYN.bed.gz
ENCFF957DSA	AG09319	cell_line	CLO:0021754	AG09319.bed.gz	https://noble.gs.washington.edu/proj/encyclopedia/interpreted/AG09319.bed.gz	https://www.encodeproject.org/files/ENCFF957DSA/@@download/ENCFF957DSA.bed.gz
ENCFF028REP	T-cell	primary_cell	CL:0000084	CD3_PRIMARY_CELLS_CORD_BI.bed.gz	https://noble.gs.washington.edu/proj/encyclopedia/interpreted/CD3_PRIMARY_CELLS_CORD_BI.bed.gz	https://www.encodeproject.org/files/ENCFF028REP/@@download/ENCFF028REP.bed.gz
ENCFF799TPD	AG09309	cell_line	CLO:0021752	AG09309.bed.gz	https://noble.gs.washington.edu/proj/encyclopedia/interpreted/AG09309.bed.gz	https://www.encodeproject.org/files/ENCFF799TPD/@@download/ENCFF799TPD.bed.gz
ENCFF457BIN	myoepithelial_cell_of_mammary_gland	primary_cell	CL:0002324	BREAST_MYOEPITHELIAL_CELLS.bed.gz	https://noble.gs.washington.edu/proj/encyclopedia/interpreted/BREAST_MYOEPITHELIAL_CELLS.bed.gz	https://www.encodeproject.org/files/ENCFF457BIN/@@download/ENCFF457BIN.bed.gz
ENCFF998SNL	natural_killer_cell	primary_cell	CL:0000623	CD56_PRIMARY_CELLS.bed.gz	https://noble.gs.washington.edu/proj/encyclopedia/interpreted/CD56_PRIMARY_CELLS.bed.gz	https://www.encodeproject.org/files/ENCFF998SNL/@@download/ENCFF998SNL.bed.gz
ENCFF065TKH	CD14-positive_monocyte	primary_cell	CL:0001054	CD14_PRIMARY_CELLS.bed.gz	https://noble.gs.washington.edu/proj/encyclopedia/interpreted/CD14_PRIMARY_CELLS.bed.gz	https://www.encodeproject.org/files/ENCFF065TKH/@@download/ENCFF065TKH.bed.gz
ENCFF266EQD	T-cell	primary_cell	CL:0000084	CD3_PRIMARY_CELLS_PERIPHERAL_UW.bed.gz	https://noble.gs.washington.edu/proj/encyclopedia/interpreted/CD3_PRIMARY_CELLS_PERIPHERAL_UW.bed.gz	https://www.encodeproject.org/files/ENCFF266EQD/@@download/ENCFF266EQD.bed.gz
ENCFF134LMV	B_cell	primary_cell	CL:0000236	CD19_PRIMARY_CELLS_PERIPHERAL_UW.bed.gz	https://noble.gs.washington.edu/proj/encyclopedia/interpreted/CD19_PRIMARY_CELLS_PERIPHERAL_UW.bed.gz	https://www.encodeproject.org/files/ENCFF134LMV/@@download/ENCFF134LMV.bed.gz
ENCFF166SIQ	DND-41	cell_line	EFO:0007074	DND41.bed.gz	https://noble.gs.washington.edu/proj/encyclopedia/interpreted/DND41.bed.gz	https://www.encodeproject.org/files/ENCFF166SIQ/@@download/ENCFF166SIQ.bed.gz
ENCFF334IYO	AG04449	cell_line	CLO:0034837	AG04449.bed.gz	https://noble.gs.washington.edu/proj/encyclopedia/interpreted/AG04449.bed.gz	https://www.encodeproject.org/files/ENCFF334IYO/@@download/ENCFF334IYO.bed.gz
ENCFF413IVJ	aorta	tissue	UBERON:0000947	AORTA.bed.gz	https://noble.gs.washington.edu/proj/encyclopedia/interpreted/AORTA.bed.gz	https://www.encodeproject.org/files/ENCFF413IVJ/@@download/ENCFF413IVJ.bed.gz
ENCFF425PRO	Caco-2	cell_line	EFO:0001099	CACO-2.bed.gz	https://noble.gs.washington.edu/proj/encyclopedia/interpreted/CACO-2.bed.gz	https://www.encodeproject.org/files/ENCFF425PRO/@@download/ENCFF425PRO.bed.gz
ENCFF378DDP	CD4-positive,_CD25-positive,_alpha-beta_regulatory_T_cell	primary_cell	CL:0000792	CD4+_CD25+_CD127-_TREG_PRIMARY_CELLS.bed.gz	https://noble.gs.washington.edu/proj/encyclopedia/interpreted/CD4+_CD25+_CD127-_TREG_PRIMARY_CELLS.bed.gz	https://www.encodeproject.org/files/ENCFF378DDP/@@download/ENCFF378DDP.bed.gz
ENCFF108CAF	mammary_epithelial_cell	primary_cell	CL:0002327	BREAST_VHMEC.bed.gz	https://noble.gs.washington.edu/proj/encyclopedia/interpreted/BREAST_VHMEC.bed.gz	https://www.encodeproject.org/files/ENCFF108CAF/@@download/ENCFF108CAF.bed.gz
ENCFF112IKD	AG04450	cell_line	EFO:0006270	AG04450.bed.gz	https://noble.gs.washington.edu/proj/encyclopedia/interpreted/AG04450.bed.gz	https://www.encodeproject.org/files/ENCFF112IKD/@@download/ENCFF112IKD.bed.gz
ENCFF386ZTK	CD4-positive,_alpha-beta_T_cell	primary_cell	CL:0000624	CD4+_CD25-_TH_PRIMARY_CELLS.bed.gz	https://noble.gs.washington.edu/proj/encyclopedia/interpreted/CD4+_CD25-_TH_PRIMARY_CELLS.bed.gz	https://www.encodeproject.org/files/ENCFF386ZTK/@@download/ENCFF386ZTK.bed.gz
ENCFF770DFW	CD4-positive,_alpha-beta_T_cell	primary_cell	CL:0000624	CD4+_CD25-_IL17-_PMA-IONOMYCIN_STIMULATED_MACS_PURIFIED_TH_PRIMARY_CELLS.bed.gz	https://noble.gs.washington.edu/proj/encyclopedia/interpreted/CD4+_CD25-_IL17-_PMA-IONOMYCIN_STIMULATED_MACS_PURIFIED_TH_PRIMARY_CELLS.bed.gz	https://www.encodeproject.org/files/ENCFF770DFW/@@download/ENCFF770DFW.bed.gz
ENCFF526MRN	colon	tissue	UBERON:0001155	BC_COLON_H12817N.bed.gz	https://noble.gs.washington.edu/proj/encyclopedia/interpreted/BC_COLON_H12817N.bed.gz	https://www.encodeproject.org/files/ENCFF526MRN/@@download/ENCFF526MRN.bed.gz
ENCFF737QTB	liver	tissue	UBERON:0002107	ADULT_LIVER.bed.gz	https://noble.gs.washington.edu/proj/encyclopedia/interpreted/ADULT_LIVER.bed.gz	https://www.encodeproject.org/files/ENCFF737QTB/@@download/ENCFF737QTB.bed.gz
ENCFF667GKL	layer_of_hippocampus	tissue	UBERON:0002305	BRAIN_HIPPOCAMPUS_MIDDLE.bed.gz	https://noble.gs.washington.edu/proj/encyclopedia/interpreted/BRAIN_HIPPOCAMPUS_MIDDLE.bed.gz	https://www.encodeproject.org/files/ENCFF667GKL/@@download/ENCFF667GKL.bed.gz
ENCFF792AQT	Ishikawa	cell_line	EFO:0005718	ECC-1.bed.gz	https://noble.gs.washington.edu/proj/encyclopedia/interpreted/ECC-1.bed.gz	https://www.encodeproject.org/files/ENCFF792AQT/@@download/ENCFF792AQT.bed.gz
ENCFF004YEU	subcutaneous_abdominal_adipose_tissue	tissue	UBERON:0014455	ADIPOSE_NUCLEI.bed.gz	https://noble.gs.washington.edu/proj/encyclopedia/interpreted/ADIPOSE_NUCLEI.bed.gz	https://www.encodeproject.org/files/ENCFF004YEU/@@download/ENCFF004YEU.bed.gz
ENCFF137NZI	lung	tissue	UBERON:0002048	BC_LUNG_H12817N.bed.gz	https://noble.gs.washington.edu/proj/encyclopedia/interpreted/BC_LUNG_H12817N.bed.gz	https://www.encodeproject.org/files/ENCFF137NZI/@@download/ENCFF137NZI.bed.gz
ENCFF519ZBL	CD4-positive,_alpha-beta_memory_T_cell	primary_cell	CL:0000897	CD4+_CD25-_CD45RO+_MEMORY_PRIMARY_CELLS.bed.gz	https://noble.gs.washington.edu/proj/encyclopedia/interpreted/CD4+_CD25-_CD45RO+_MEMORY_PRIMARY_CELLS.bed.gz	https://www.encodeproject.org/files/ENCFF519ZBL/@@download/ENCFF519ZBL.bed.gz
ENCFF223EXU	fibroblast_of_the_aortic_adventitia	primary_cell	CL:0002547	AOAF.bed.gz	https://noble.gs.washington.edu/proj/encyclopedia/interpreted/AOAF.bed.gz	https://www.encodeproject.org/files/ENCFF223EXU/@@download/ENCFF223EXU.bed.gz
ENCFF276PHR	muscle_layer_of_duodenum	tissue	UBERON:0012488	DUODENUM_SMOOTH_MUSCLE.bed.gz	https://noble.gs.washington.edu/proj/encyclopedia/interpreted/DUODENUM_SMOOTH_MUSCLE.bed.gz	https://www.encodeproject.org/files/ENCFF276PHR/@@download/ENCFF276PHR.bed.gz
ENCFF993VBX	T-helper_17_cell	primary_cell	CL:0000899	CD4+_CD25-_IL17+_PMA-IONOMCYIN_STIMULATED_TH17_PRIMARY_CELLS.bed.gz	https://noble.gs.washington.edu/proj/encyclopedia/interpreted/CD4+_CD25-_IL17+_PMA-IONOMCYIN_STIMULATED_TH17_PRIMARY_CELLS.bed.gz	https://www.encodeproject.org/files/ENCFF993VBX/@@download/ENCFF993VBX.bed.gz
ENCFF665HYU	duodenal_mucosa	tissue	UBERON:0000320	DUODENUM_MUCOSA.bed.gz	https://noble.gs.washington.edu/proj/encyclopedia/interpreted/DUODENUM_MUCOSA.bed.gz	https://www.encodeproject.org/files/ENCFF665HYU/@@download/ENCFF665HYU.bed.gz
ENCFF442IXL	AG10803	cell_line	CLO:0021511	AG10803.bed.gz	https://noble.gs.washington.edu/proj/encyclopedia/interpreted/AG10803.bed.gz	https://www.encodeproject.org/files/ENCFF442IXL/@@download/ENCFF442IXL.bed.gz
ENCFF882RLQ	A549	cell_line	EFO:0001086	A549.bed.gz	https://noble.gs.washington.edu/proj/encyclopedia/interpreted/A549.bed.gz	https://www.encodeproject.org/files/ENCFF882RLQ/@@download/ENCFF882RLQ.bed.gz
ENCFF508PQI	caudate_nucleus	tissue	UBERON:0001873	BRAIN_ANTERIOR_CAUDATE.bed.gz	https://noble.gs.washington.edu/proj/encyclopedia/interpreted/BRAIN_ANTERIOR_CAUDATE.bed.gz	https://www.encodeproject.org/files/ENCFF508PQI/@@download/ENCFF508PQI.bed.gz
ENCFF314OLC	muscle_layer_of_colon	tissue	UBERON:0012489	COLON_SMOOTH_MUSCLE.bed.gz	https://noble.gs.washington.edu/proj/encyclopedia/interpreted/COLON_SMOOTH_MUSCLE.bed.gz	https://www.encodeproject.org/files/ENCFF314OLC/@@download/ENCFF314OLC.bed.gz
ENCFF210SMU	naive_thymus-derived_CD4-positive,_alpha-beta_T_cell	primary_cell	CL:0000895	CD4+_CD25-_CD45RA+_NAIVE_PRIMARY_CELLS.bed.gz	https://noble.gs.washington.edu/proj/encyclopedia/interpreted/CD4+_CD25-_CD45RA+_NAIVE_PRIMARY_CELLS.bed.gz	https://www.encodeproject.org/files/ENCFF210SMU/@@download/ENCFF210SMU.bed.gz
ENCFF525MSR	temporal_lobe	tissue	UBERON:0001871	BRAIN_INFERIOR_TEMPORAL_LOBE.bed.gz	https://noble.gs.washington.edu/proj/encyclopedia/interpreted/BRAIN_INFERIOR_TEMPORAL_LOBE.bed.gz	https://www.encodeproject.org/files/ENCFF525MSR/@@download/ENCFF525MSR.bed.gz
ENCFF757KLE	CD8-positive,_alpha-beta_T_cell	primary_cell	CL:0000625	CD8_NAIVE_PRIMARY_CELLS.bed.gz	https://noble.gs.washington.edu/proj/encyclopedia/interpreted/CD8_NAIVE_PRIMARY_CELLS.bed.gz	https://www.encodeproject.org/files/ENCFF757KLE/@@download/ENCFF757KLE.bed.gz
ENCFF089LSR	substantia_nigra	tissue	UBERON:0002038	BRAIN_SUBSTANTIA_NIGRA.bed.gz	https://noble.gs.washington.edu/proj/encyclopedia/interpreted/BRAIN_SUBSTANTIA_NIGRA.bed.gz	https://www.encodeproject.org/files/ENCFF089LSR/@@download/ENCFF089LSR.bed.gz
ENCFF400KWY	cingulate_gyrus	tissue	UBERON:0002967	BRAIN_CINGULATE_GYRUS.bed.gz	https://noble.gs.washington.edu/proj/encyclopedia/interpreted/BRAIN_CINGULATE_GYRUS.bed.gz	https://www.encodeproject.org/files/ENCFF400KWY/@@download/ENCFF400KWY.bed.gz
ENCFF633OYE	lung	tissue	UBERON:0002048	BC_LUNG_01-11002.bed.gz	https://noble.gs.washington.edu/proj/encyclopedia/interpreted/BC_LUNG_01-11002.bed.gz	https://www.encodeproject.org/files/ENCFF633OYE/@@download/ENCFF633OYE.bed.gz
ENCFF689XTT	spleen	tissue	UBERON:0002106	BC_SPLEEN_H12817N.bed.gz	https://noble.gs.washington.edu/proj/encyclopedia/interpreted/BC_SPLEEN_H12817N.bed.gz	https://www.encodeproject.org/files/ENCFF689XTT/@@download/ENCFF689XTT.bed.gz
ENCFF277ZKK	CD4-positive,_alpha-beta_memory_T_cell	primary_cell	CL:0000897	CD4_MEMORY_PRIMARY_CELLS.bed.gz	https://noble.gs.washington.edu/proj/encyclopedia/interpreted/CD4_MEMORY_PRIMARY_CELLS.bed.gz	https://www.encodeproject.org/files/ENCFF277ZKK/@@download/ENCFF277ZKK.bed.gz
ENCFF697FWA	BE2C	cell_line	EFO:0005725	BE2_C.bed.gz	https://noble.gs.washington.edu/proj/encyclopedia/interpreted/BE2_C.bed.gz	https://www.encodeproject.org/files/ENCFF697FWA/@@download/ENCFF697FWA.bed.gz
ENCFF880DHD	naive_thymus-derived_CD4-positive,_alpha-beta_T_cell	primary_cell	CL:0000895	CD4_NAIVE_PRIMARY_CELLS.bed.gz	https://noble.gs.washington.edu/proj/encyclopedia/interpreted/CD4_NAIVE_PRIMARY_CELLS.bed.gz	https://www.encodeproject.org/files/ENCFF880DHD/@@download/ENCFF880DHD.bed.gz
ENCFF708QLS	effector_memory_CD4-positive,_alpha-beta_T_cell	primary_cell	CL:0000905	CD4+_CD25INT_CD127+_TMEM_PRIMARY_CELLS.bed.gz	https://noble.gs.washington.edu/proj/encyclopedia/interpreted/CD4+_CD25INT_CD127+_TMEM_PRIMARY_CELLS.bed.gz	https://www.encodeproject.org/files/ENCFF708QLS/@@download/ENCFF708QLS.bed.gz
ENCFF015FJK	dorsolateral_prefrontal_cortex	tissue	UBERON:0009834	BRAIN_MID_FRONTAL_LOBE.bed.gz	https://noble.gs.washington.edu/proj/encyclopedia/interpreted/BRAIN_MID_FRONTAL_LOBE.bed.gz	https://www.encodeproject.org/files/ENCFF015FJK/@@download/ENCFF015FJK.bed.gz
ENCFF954WEV	CD8-positive,_alpha-beta_memory_T_cell	primary_cell	CL:0000909	CD8_MEMORY_PRIMARY_CELLS.bed.gz	https://noble.gs.washington.edu/proj/encyclopedia/interpreted/CD8_MEMORY_PRIMARY_CELLS.bed.gz	https://www.encodeproject.org/files/ENCFF954WEV/@@download/ENCFF954WEV.bed.gz
ENCFF386SRJ	angular_gyrus	tissue	UBERON:0002686	BRAIN_ANGULAR_GYRUS.bed.gz	https://noble.gs.washington.edu/proj/encyclopedia/interpreted/BRAIN_ANGULAR_GYRUS.bed.gz	https://www.encodeproject.org/files/ENCFF386SRJ/@@download/ENCFF386SRJ.bed.gz
